{
    "0": {
        "batch_size": 32,
        "n_layers": 1,
        "activation": "tanh",
        "dropout": 0.10722506610534055,
        "l2_reg": 0.001961696623764641,
        "opt_idx": 1,
        "lr": 0.00030870810008654825,
        "units_0": 58,
        "rho": 0.8939240777314273
    },
    "1": {
        "batch_size": 64,
        "n_layers": 1,
        "activation": "tanh",
        "dropout": 0.11200158535078603,
        "l2_reg": 5.6861849931004574e-05,
        "opt_idx": 0,
        "lr": 0.0009396214102607473,
        "units_0": 83
    },
    "2": {
        "batch_size": 32,
        "n_layers": 1,
        "activation": "leaky",
        "dropout": 0.2004353847789303,
        "l2_reg": 3.40561890136371e-05,
        "opt_idx": 1,
        "lr": 0.00018407503137726438,
        "units_0": 106,
        "rho": 0.949043314756663
    },
    "3": {
        "batch_size": 64,
        "n_layers": 2,
        "activation": "relu",
        "dropout": 0.125672919934411,
        "l2_reg": 0.0030824586422106997,
        "opt_idx": 1,
        "lr": 0.0006834627249138183,
        "units_0": 79,
        "units_1": 107,
        "rho": 0.8782579630775165
    }
}