{
    "0": 0.5085046880714458,
    "1": 0.6453754700575818,
    "2": 174.81934880629962,
    "3": 0.197494457357832
}